thread_num,wh_num,success,abort,pc_success,pc_abort,mmap_cnt,total_time,log_size,flush_size
New Cap: 2147483648, Root idx: 1
1, 1, 211768,11393,914607, 0,0,10000,84,0
New Cap: 2147483648, Root idx: 1
1, 1, 217557,12381,942945, 0,0,10000,87,0
New Cap: 2147483648, Root idx: 1
1, 1, 219137,11946,948933, 0,0,10000,87,0
4, 4, 736333,40860,3188882, 84,0,10000,293,0
New Cap: 2147483648, Root idx: 1
New Cap: 2147483648, Root idx: 1
4, 4, 763509,42285,3304453, 110,0,10000,304,0
New Cap: 2147483648, Root idx: 1
New Cap: 2147483648, Root idx: 1
New Cap: 2147483648, Root idx: 1
New Cap: 2147483648, Root idx: 1
4, 4, 851905,46920,3687608, 81,0,10000,339,0
8, 8, 1487257,81801,6437830, 172,0,10000,182,0
8, 8, 1466254,81033,6348912, 255,0,10000,174,0
8, 8, 1485685,82116,6432672, 211,0,10000,182,0
16, 16, 2325649,128024,10067987, 260,0,10000,106,0
16, 16, 2416123,133019,10462073, 210,0,10000,144,0
16, 16, 2231523,120824,9653115, 234,0,10000,69,0
32, 32, 2934664,161936,12704394, 367,0,10001,350,0
32, 32, 3088074,169100,13363979, 330,0,10001,1,0
32, 32, 3004984,164374,13004351, 304,0,10001,378,0
48, 48, 3120868,171953,13509700, 369,0,10002,13,0
48, 48, 3010546,165037,13028304, 337,0,10002,380,0
48, 48, 3133101,171873,13561173, 513,0,10002,19,0
